{"cameraMode":{"drawMode":0,"name":"Shaded","section":"Shading Mode"},"sceneLighting":true,"audioPlay":false,"sceneViewState":{"m_AlwaysRefresh":false,"showFog":true,"showSkybox":true,"showFlares":true,"showImageEffects":true,"showParticleSystems":true,"showVisualEffectGraphs":true,"m_FxEnabled":true},"in2DMode":false,"pivot":{"x":217.81585693359376,"y":117.65901184082031,"z":693.0498657226563},"rotation":{"x":-0.14392830431461335,"y":-0.19399911165237428,"z":0.028785092756152154,"w":-0.9699670076370239},"size":57.38766098022461,"orthographic":false}